VarName,Start,End
W_round1[0],1,32
W_round2[0],33,64
k[0],65,96
k_round2[0],97,128
W_round1[1],129,160
W_round2[1],161,192
k[1],193,224
k_round2[1],225,256
W_round1[2],257,288
W_round2[2],289,320
k[2],321,352
k_round2[2],353,384
W_round1[3],385,416
W_round2[3],417,448
k[3],449,480
k_round2[3],481,512
W_round1[4],513,544
W_round2[4],545,576
k[4],577,608
k_round2[4],609,640
W_round1[5],641,672
W_round2[5],673,704
k[5],705,736
k_round2[5],737,768
W_round1[6],769,800
W_round2[6],801,832
k[6],833,864
k_round2[6],865,896
W_round1[7],897,928
W_round2[7],929,960
k[7],961,992
k_round2[7],993,1024
W_round1[8],1025,1056
W_round2[8],1057,1088
k[8],1089,1120
k_round2[8],1121,1152
W_round1[9],1153,1184
W_round2[9],1185,1216
k[9],1217,1248
k_round2[9],1249,1280
W_round1[10],1281,1312
W_round2[10],1313,1344
k[10],1345,1376
k_round2[10],1377,1408
W_round1[11],1409,1440
W_round2[11],1441,1472
k[11],1473,1504
k_round2[11],1505,1536
W_round1[12],1537,1568
W_round2[12],1569,1600
k[12],1601,1632
k_round2[12],1633,1664
W_round1[13],1665,1696
W_round2[13],1697,1728
k[13],1729,1760
k_round2[13],1761,1792
W_round1[14],1793,1824
W_round2[14],1825,1856
k[14],1857,1888
k_round2[14],1889,1920
W_round1[15],1921,1952
W_round2[15],1953,1984
k[15],1985,2016
k_round2[15],2017,2048
W_round1[16],2049,2080
W_round2[16],2081,2112
k[16],2113,2144
k_round2[16],2145,2176
W_round1[17],2177,2208
W_round2[17],2209,2240
k[17],2241,2272
k_round2[17],2273,2304
W_round1[18],2305,2336
W_round2[18],2337,2368
k[18],2369,2400
k_round2[18],2401,2432
W_round1[19],2433,2464
W_round2[19],2465,2496
k[19],2497,2528
k_round2[19],2529,2560
W_round1[20],2561,2592
W_round2[20],2593,2624
k[20],2625,2656
k_round2[20],2657,2688
W_round1[21],2689,2720
W_round2[21],2721,2752
k[21],2753,2784
k_round2[21],2785,2816
W_round1[22],2817,2848
W_round2[22],2849,2880
k[22],2881,2912
k_round2[22],2913,2944
W_round1[23],2945,2976
W_round2[23],2977,3008
k[23],3009,3040
k_round2[23],3041,3072
W_round1[24],3073,3104
W_round2[24],3105,3136
k[24],3137,3168
k_round2[24],3169,3200
W_round1[25],3201,3232
W_round2[25],3233,3264
k[25],3265,3296
k_round2[25],3297,3328
W_round1[26],3329,3360
W_round2[26],3361,3392
k[26],3393,3424
k_round2[26],3425,3456
W_round1[27],3457,3488
W_round2[27],3489,3520
k[27],3521,3552
k_round2[27],3553,3584
W_round1[28],3585,3616
W_round2[28],3617,3648
k[28],3649,3680
k_round2[28],3681,3712
W_round1[29],3713,3744
W_round2[29],3745,3776
k[29],3777,3808
k_round2[29],3809,3840
W_round1[30],3841,3872
W_round2[30],3873,3904
k[30],3905,3936
k_round2[30],3937,3968
W_round1[31],3969,4000
W_round2[31],4001,4032
k[31],4033,4064
k_round2[31],4065,4096
W_round1[32],4097,4128
W_round2[32],4129,4160
k[32],4161,4192
k_round2[32],4193,4224
W_round1[33],4225,4256
W_round2[33],4257,4288
k[33],4289,4320
k_round2[33],4321,4352
W_round1[34],4353,4384
W_round2[34],4385,4416
k[34],4417,4448
k_round2[34],4449,4480
W_round1[35],4481,4512
W_round2[35],4513,4544
k[35],4545,4576
k_round2[35],4577,4608
W_round1[36],4609,4640
W_round2[36],4641,4672
k[36],4673,4704
k_round2[36],4705,4736
W_round1[37],4737,4768
W_round2[37],4769,4800
k[37],4801,4832
k_round2[37],4833,4864
W_round1[38],4865,4896
W_round2[38],4897,4928
k[38],4929,4960
k_round2[38],4961,4992
W_round1[39],4993,5024
W_round2[39],5025,5056
k[39],5057,5088
k_round2[39],5089,5120
W_round1[40],5121,5152
W_round2[40],5153,5184
k[40],5185,5216
k_round2[40],5217,5248
W_round1[41],5249,5280
W_round2[41],5281,5312
k[41],5313,5344
k_round2[41],5345,5376
W_round1[42],5377,5408
W_round2[42],5409,5440
k[42],5441,5472
k_round2[42],5473,5504
W_round1[43],5505,5536
W_round2[43],5537,5568
k[43],5569,5600
k_round2[43],5601,5632
W_round1[44],5633,5664
W_round2[44],5665,5696
k[44],5697,5728
k_round2[44],5729,5760
W_round1[45],5761,5792
W_round2[45],5793,5824
k[45],5825,5856
k_round2[45],5857,5888
W_round1[46],5889,5920
W_round2[46],5921,5952
k[46],5953,5984
k_round2[46],5985,6016
W_round1[47],6017,6048
W_round2[47],6049,6080
k[47],6081,6112
k_round2[47],6113,6144
W_round1[48],6145,6176
W_round2[48],6177,6208
k[48],6209,6240
k_round2[48],6241,6272
W_round1[49],6273,6304
W_round2[49],6305,6336
k[49],6337,6368
k_round2[49],6369,6400
W_round1[50],6401,6432
W_round2[50],6433,6464
k[50],6465,6496
k_round2[50],6497,6528
W_round1[51],6529,6560
W_round2[51],6561,6592
k[51],6593,6624
k_round2[51],6625,6656
W_round1[52],6657,6688
W_round2[52],6689,6720
k[52],6721,6752
k_round2[52],6753,6784
W_round1[53],6785,6816
W_round2[53],6817,6848
k[53],6849,6880
k_round2[53],6881,6912
W_round1[54],6913,6944
W_round2[54],6945,6976
k[54],6977,7008
k_round2[54],7009,7040
W_round1[55],7041,7072
W_round2[55],7073,7104
k[55],7105,7136
k_round2[55],7137,7168
W_round1[56],7169,7200
W_round2[56],7201,7232
k[56],7233,7264
k_round2[56],7265,7296
W_round1[57],7297,7328
W_round2[57],7329,7360
k[57],7361,7392
k_round2[57],7393,7424
W_round1[58],7425,7456
W_round2[58],7457,7488
k[58],7489,7520
k_round2[58],7521,7552
W_round1[59],7553,7584
W_round2[59],7585,7616
k[59],7617,7648
k_round2[59],7649,7680
W_round1[60],7681,7712
W_round2[60],7713,7744
k[60],7745,7776
k_round2[60],7777,7808
W_round1[61],7809,7840
W_round2[61],7841,7872
k[61],7873,7904
k_round2[61],7905,7936
W_round1[62],7937,7968
W_round2[62],7969,8000
k[62],8001,8032
k_round2[62],8033,8064
W_round1[63],8065,8096
W_round2[63],8097,8128
k[63],8129,8160
k_round2[63],8161,8192
a0_round1,8193,8224
b0_round1,8225,8256
c0_round1,8257,8288
d0_round1,8289,8320
e0_round1,8321,8352
f0_round1,8353,8384
g0_round1,8385,8416
h0_round1,8417,8448
a0_round2,8449,8480
b0_round2,8481,8512
c0_round2,8513,8544
d0_round2,8545,8576
e0_round2,8577,8608
f0_round2,8609,8640
g0_round2,8641,8672
h0_round2,8673,8704
a1round1,8705,8736
e1round1,8737,8768
tmp1_round1,8769,8800
tmp1a_round1,8801,8832
tmp1b_round1,8833,8864
tmp2_round1,8865,8896
tmp2a_round1,8897,8928
tmp2b_round1,8929,8960
a1round2,8961,8992
e1round2,8993,9024
tmp1_round2,9025,9056
tmp1a_round2,9057,9088
tmp1b_round2,9089,9120
tmp2_round2,9121,9152
tmp2a_round2,9153,9184
tmp2b_round2,9185,9216
a2round1,9217,9248
e2round1,9249,9280
tmp1_round1,9281,9312
tmp1a_round1,9313,9344
tmp1b_round1,9345,9376
tmp2_round1,9377,9408
tmp2a_round1,9409,9440
tmp2b_round1,9441,9472
a2round2,9473,9504
e2round2,9505,9536
tmp1_round2,9537,9568
tmp1a_round2,9569,9600
tmp1b_round2,9601,9632
tmp2_round2,9633,9664
tmp2a_round2,9665,9696
tmp2b_round2,9697,9728
a3round1,9729,9760
e3round1,9761,9792
tmp1_round1,9793,9824
tmp1a_round1,9825,9856
tmp1b_round1,9857,9888
tmp2_round1,9889,9920
tmp2a_round1,9921,9952
tmp2b_round1,9953,9984
a3round2,9985,10016
e3round2,10017,10048
tmp1_round2,10049,10080
tmp1a_round2,10081,10112
tmp1b_round2,10113,10144
tmp2_round2,10145,10176
tmp2a_round2,10177,10208
tmp2b_round2,10209,10240
a4round1,10241,10272
e4round1,10273,10304
tmp1_round1,10305,10336
tmp1a_round1,10337,10368
tmp1b_round1,10369,10400
tmp2_round1,10401,10432
tmp2a_round1,10433,10464
tmp2b_round1,10465,10496
a4round2,10497,10528
e4round2,10529,10560
tmp1_round2,10561,10592
tmp1a_round2,10593,10624
tmp1b_round2,10625,10656
tmp2_round2,10657,10688
tmp2a_round2,10689,10720
tmp2b_round2,10721,10752
a5round1,10753,10784
e5round1,10785,10816
tmp1_round1,10817,10848
tmp1a_round1,10849,10880
tmp1b_round1,10881,10912
tmp2_round1,10913,10944
tmp2a_round1,10945,10976
tmp2b_round1,10977,11008
a5round2,11009,11040
e5round2,11041,11072
tmp1_round2,11073,11104
tmp1a_round2,11105,11136
tmp1b_round2,11137,11168
tmp2_round2,11169,11200
tmp2a_round2,11201,11232
tmp2b_round2,11233,11264
a6round1,11265,11296
e6round1,11297,11328
tmp1_round1,11329,11360
tmp1a_round1,11361,11392
tmp1b_round1,11393,11424
tmp2_round1,11425,11456
tmp2a_round1,11457,11488
tmp2b_round1,11489,11520
a6round2,11521,11552
e6round2,11553,11584
tmp1_round2,11585,11616
tmp1a_round2,11617,11648
tmp1b_round2,11649,11680
tmp2_round2,11681,11712
tmp2a_round2,11713,11744
tmp2b_round2,11745,11776
a7round1,11777,11808
e7round1,11809,11840
tmp1_round1,11841,11872
tmp1a_round1,11873,11904
tmp1b_round1,11905,11936
tmp2_round1,11937,11968
tmp2a_round1,11969,12000
tmp2b_round1,12001,12032
a7round2,12033,12064
e7round2,12065,12096
tmp1_round2,12097,12128
tmp1a_round2,12129,12160
tmp1b_round2,12161,12192
tmp2_round2,12193,12224
tmp2a_round2,12225,12256
tmp2b_round2,12257,12288
a8round1,12289,12320
e8round1,12321,12352
tmp1_round1,12353,12384
tmp1a_round1,12385,12416
tmp1b_round1,12417,12448
tmp2_round1,12449,12480
tmp2a_round1,12481,12512
tmp2b_round1,12513,12544
a8round2,12545,12576
e8round2,12577,12608
tmp1_round2,12609,12640
tmp1a_round2,12641,12672
tmp1b_round2,12673,12704
tmp2_round2,12705,12736
tmp2a_round2,12737,12768
tmp2b_round2,12769,12800
a9round1,12801,12832
e9round1,12833,12864
tmp1_round1,12865,12896
tmp1a_round1,12897,12928
tmp1b_round1,12929,12960
tmp2_round1,12961,12992
tmp2a_round1,12993,13024
tmp2b_round1,13025,13056
a9round2,13057,13088
e9round2,13089,13120
tmp1_round2,13121,13152
tmp1a_round2,13153,13184
tmp1b_round2,13185,13216
tmp2_round2,13217,13248
tmp2a_round2,13249,13280
tmp2b_round2,13281,13312
a10round1,13313,13344
e10round1,13345,13376
tmp1_round1,13377,13408
tmp1a_round1,13409,13440
tmp1b_round1,13441,13472
tmp2_round1,13473,13504
tmp2a_round1,13505,13536
tmp2b_round1,13537,13568
a10round2,13569,13600
e10round2,13601,13632
tmp1_round2,13633,13664
tmp1a_round2,13665,13696
tmp1b_round2,13697,13728
tmp2_round2,13729,13760
tmp2a_round2,13761,13792
tmp2b_round2,13793,13824
a11round1,13825,13856
e11round1,13857,13888
tmp1_round1,13889,13920
tmp1a_round1,13921,13952
tmp1b_round1,13953,13984
tmp2_round1,13985,14016
tmp2a_round1,14017,14048
tmp2b_round1,14049,14080
a11round2,14081,14112
e11round2,14113,14144
tmp1_round2,14145,14176
tmp1a_round2,14177,14208
tmp1b_round2,14209,14240
tmp2_round2,14241,14272
tmp2a_round2,14273,14304
tmp2b_round2,14305,14336
a12round1,14337,14368
e12round1,14369,14400
tmp1_round1,14401,14432
tmp1a_round1,14433,14464
tmp1b_round1,14465,14496
tmp2_round1,14497,14528
tmp2a_round1,14529,14560
tmp2b_round1,14561,14592
a12round2,14593,14624
e12round2,14625,14656
tmp1_round2,14657,14688
tmp1a_round2,14689,14720
tmp1b_round2,14721,14752
tmp2_round2,14753,14784
tmp2a_round2,14785,14816
tmp2b_round2,14817,14848
a13round1,14849,14880
e13round1,14881,14912
tmp1_round1,14913,14944
tmp1a_round1,14945,14976
tmp1b_round1,14977,15008
tmp2_round1,15009,15040
tmp2a_round1,15041,15072
tmp2b_round1,15073,15104
a13round2,15105,15136
e13round2,15137,15168
tmp1_round2,15169,15200
tmp1a_round2,15201,15232
tmp1b_round2,15233,15264
tmp2_round2,15265,15296
tmp2a_round2,15297,15328
tmp2b_round2,15329,15360
a14round1,15361,15392
e14round1,15393,15424
tmp1_round1,15425,15456
tmp1a_round1,15457,15488
tmp1b_round1,15489,15520
tmp2_round1,15521,15552
tmp2a_round1,15553,15584
tmp2b_round1,15585,15616
a14round2,15617,15648
e14round2,15649,15680
tmp1_round2,15681,15712
tmp1a_round2,15713,15744
tmp1b_round2,15745,15776
tmp2_round2,15777,15808
tmp2a_round2,15809,15840
tmp2b_round2,15841,15872
a15round1,15873,15904
e15round1,15905,15936
tmp1_round1,15937,15968
tmp1a_round1,15969,16000
tmp1b_round1,16001,16032
tmp2_round1,16033,16064
tmp2a_round1,16065,16096
tmp2b_round1,16097,16128
a15round2,16129,16160
e15round2,16161,16192
tmp1_round2,16193,16224
tmp1a_round2,16225,16256
tmp1b_round2,16257,16288
tmp2_round2,16289,16320
tmp2a_round2,16321,16352
tmp2b_round2,16353,16384
a16round1,16385,16416
e16round1,16417,16448
tmp1_round1,16449,16480
tmp1a_round1,16481,16512
tmp1b_round1,16513,16544
tmp2_round1,16545,16576
tmp2a_round1,16577,16608
tmp2b_round1,16609,16640
a16round2,16641,16672
e16round2,16673,16704
tmp1_round2,16705,16736
tmp1a_round2,16737,16768
tmp1b_round2,16769,16800
tmp2_round2,16801,16832
tmp2a_round2,16833,16864
tmp2b_round2,16865,16896
a17round1,16897,16928
e17round1,16929,16960
tmp1_round1,16961,16992
tmp1a_round1,16993,17024
tmp1b_round1,17025,17056
tmp2_round1,17057,17088
tmp2a_round1,17089,17120
tmp2b_round1,17121,17152
a17round2,17153,17184
e17round2,17185,17216
tmp1_round2,17217,17248
tmp1a_round2,17249,17280
tmp1b_round2,17281,17312
tmp2_round2,17313,17344
tmp2a_round2,17345,17376
tmp2b_round2,17377,17408
a18round1,17409,17440
e18round1,17441,17472
tmp1_round1,17473,17504
tmp1a_round1,17505,17536
tmp1b_round1,17537,17568
tmp2_round1,17569,17600
tmp2a_round1,17601,17632
tmp2b_round1,17633,17664
a18round2,17665,17696
e18round2,17697,17728
tmp1_round2,17729,17760
tmp1a_round2,17761,17792
tmp1b_round2,17793,17824
tmp2_round2,17825,17856
tmp2a_round2,17857,17888
tmp2b_round2,17889,17920
a19round1,17921,17952
e19round1,17953,17984
tmp1_round1,17985,18016
tmp1a_round1,18017,18048
tmp1b_round1,18049,18080
tmp2_round1,18081,18112
tmp2a_round1,18113,18144
tmp2b_round1,18145,18176
a19round2,18177,18208
e19round2,18209,18240
tmp1_round2,18241,18272
tmp1a_round2,18273,18304
tmp1b_round2,18305,18336
tmp2_round2,18337,18368
tmp2a_round2,18369,18400
tmp2b_round2,18401,18432
a20round1,18433,18464
e20round1,18465,18496
tmp1_round1,18497,18528
tmp1a_round1,18529,18560
tmp1b_round1,18561,18592
tmp2_round1,18593,18624
tmp2a_round1,18625,18656
tmp2b_round1,18657,18688
a20round2,18689,18720
e20round2,18721,18752
tmp1_round2,18753,18784
tmp1a_round2,18785,18816
tmp1b_round2,18817,18848
tmp2_round2,18849,18880
tmp2a_round2,18881,18912
tmp2b_round2,18913,18944
a21round1,18945,18976
e21round1,18977,19008
tmp1_round1,19009,19040
tmp1a_round1,19041,19072
tmp1b_round1,19073,19104
tmp2_round1,19105,19136
tmp2a_round1,19137,19168
tmp2b_round1,19169,19200
a21round2,19201,19232
e21round2,19233,19264
tmp1_round2,19265,19296
tmp1a_round2,19297,19328
tmp1b_round2,19329,19360
tmp2_round2,19361,19392
tmp2a_round2,19393,19424
tmp2b_round2,19425,19456
a22round1,19457,19488
e22round1,19489,19520
tmp1_round1,19521,19552
tmp1a_round1,19553,19584
tmp1b_round1,19585,19616
tmp2_round1,19617,19648
tmp2a_round1,19649,19680
tmp2b_round1,19681,19712
a22round2,19713,19744
e22round2,19745,19776
tmp1_round2,19777,19808
tmp1a_round2,19809,19840
tmp1b_round2,19841,19872
tmp2_round2,19873,19904
tmp2a_round2,19905,19936
tmp2b_round2,19937,19968
a23round1,19969,20000
e23round1,20001,20032
tmp1_round1,20033,20064
tmp1a_round1,20065,20096
tmp1b_round1,20097,20128
tmp2_round1,20129,20160
tmp2a_round1,20161,20192
tmp2b_round1,20193,20224
a23round2,20225,20256
e23round2,20257,20288
tmp1_round2,20289,20320
tmp1a_round2,20321,20352
tmp1b_round2,20353,20384
tmp2_round2,20385,20416
tmp2a_round2,20417,20448
tmp2b_round2,20449,20480
a24round1,20481,20512
e24round1,20513,20544
tmp1_round1,20545,20576
tmp1a_round1,20577,20608
tmp1b_round1,20609,20640
tmp2_round1,20641,20672
tmp2a_round1,20673,20704
tmp2b_round1,20705,20736
a24round2,20737,20768
e24round2,20769,20800
tmp1_round2,20801,20832
tmp1a_round2,20833,20864
tmp1b_round2,20865,20896
tmp2_round2,20897,20928
tmp2a_round2,20929,20960
tmp2b_round2,20961,20992
a25round1,20993,21024
e25round1,21025,21056
tmp1_round1,21057,21088
tmp1a_round1,21089,21120
tmp1b_round1,21121,21152
tmp2_round1,21153,21184
tmp2a_round1,21185,21216
tmp2b_round1,21217,21248
a25round2,21249,21280
e25round2,21281,21312
tmp1_round2,21313,21344
tmp1a_round2,21345,21376
tmp1b_round2,21377,21408
tmp2_round2,21409,21440
tmp2a_round2,21441,21472
tmp2b_round2,21473,21504
a26round1,21505,21536
e26round1,21537,21568
tmp1_round1,21569,21600
tmp1a_round1,21601,21632
tmp1b_round1,21633,21664
tmp2_round1,21665,21696
tmp2a_round1,21697,21728
tmp2b_round1,21729,21760
a26round2,21761,21792
e26round2,21793,21824
tmp1_round2,21825,21856
tmp1a_round2,21857,21888
tmp1b_round2,21889,21920
tmp2_round2,21921,21952
tmp2a_round2,21953,21984
tmp2b_round2,21985,22016
a27round1,22017,22048
e27round1,22049,22080
tmp1_round1,22081,22112
tmp1a_round1,22113,22144
tmp1b_round1,22145,22176
tmp2_round1,22177,22208
tmp2a_round1,22209,22240
tmp2b_round1,22241,22272
a27round2,22273,22304
e27round2,22305,22336
tmp1_round2,22337,22368
tmp1a_round2,22369,22400
tmp1b_round2,22401,22432
tmp2_round2,22433,22464
tmp2a_round2,22465,22496
tmp2b_round2,22497,22528
a28round1,22529,22560
e28round1,22561,22592
tmp1_round1,22593,22624
tmp1a_round1,22625,22656
tmp1b_round1,22657,22688
tmp2_round1,22689,22720
tmp2a_round1,22721,22752
tmp2b_round1,22753,22784
a28round2,22785,22816
e28round2,22817,22848
tmp1_round2,22849,22880
tmp1a_round2,22881,22912
tmp1b_round2,22913,22944
tmp2_round2,22945,22976
tmp2a_round2,22977,23008
tmp2b_round2,23009,23040
a29round1,23041,23072
e29round1,23073,23104
tmp1_round1,23105,23136
tmp1a_round1,23137,23168
tmp1b_round1,23169,23200
tmp2_round1,23201,23232
tmp2a_round1,23233,23264
tmp2b_round1,23265,23296
a29round2,23297,23328
e29round2,23329,23360
tmp1_round2,23361,23392
tmp1a_round2,23393,23424
tmp1b_round2,23425,23456
tmp2_round2,23457,23488
tmp2a_round2,23489,23520
tmp2b_round2,23521,23552
a30round1,23553,23584
e30round1,23585,23616
tmp1_round1,23617,23648
tmp1a_round1,23649,23680
tmp1b_round1,23681,23712
tmp2_round1,23713,23744
tmp2a_round1,23745,23776
tmp2b_round1,23777,23808
a30round2,23809,23840
e30round2,23841,23872
tmp1_round2,23873,23904
tmp1a_round2,23905,23936
tmp1b_round2,23937,23968
tmp2_round2,23969,24000
tmp2a_round2,24001,24032
tmp2b_round2,24033,24064
a31round1,24065,24096
e31round1,24097,24128
tmp1_round1,24129,24160
tmp1a_round1,24161,24192
tmp1b_round1,24193,24224
tmp2_round1,24225,24256
tmp2a_round1,24257,24288
tmp2b_round1,24289,24320
a31round2,24321,24352
e31round2,24353,24384
tmp1_round2,24385,24416
tmp1a_round2,24417,24448
tmp1b_round2,24449,24480
tmp2_round2,24481,24512
tmp2a_round2,24513,24544
tmp2b_round2,24545,24576
a32round1,24577,24608
e32round1,24609,24640
tmp1_round1,24641,24672
tmp1a_round1,24673,24704
tmp1b_round1,24705,24736
tmp2_round1,24737,24768
tmp2a_round1,24769,24800
tmp2b_round1,24801,24832
a32round2,24833,24864
e32round2,24865,24896
tmp1_round2,24897,24928
tmp1a_round2,24929,24960
tmp1b_round2,24961,24992
tmp2_round2,24993,25024
tmp2a_round2,25025,25056
tmp2b_round2,25057,25088
a33round1,25089,25120
e33round1,25121,25152
tmp1_round1,25153,25184
tmp1a_round1,25185,25216
tmp1b_round1,25217,25248
tmp2_round1,25249,25280
tmp2a_round1,25281,25312
tmp2b_round1,25313,25344
a33round2,25345,25376
e33round2,25377,25408
tmp1_round2,25409,25440
tmp1a_round2,25441,25472
tmp1b_round2,25473,25504
tmp2_round2,25505,25536
tmp2a_round2,25537,25568
tmp2b_round2,25569,25600
a34round1,25601,25632
e34round1,25633,25664
tmp1_round1,25665,25696
tmp1a_round1,25697,25728
tmp1b_round1,25729,25760
tmp2_round1,25761,25792
tmp2a_round1,25793,25824
tmp2b_round1,25825,25856
a34round2,25857,25888
e34round2,25889,25920
tmp1_round2,25921,25952
tmp1a_round2,25953,25984
tmp1b_round2,25985,26016
tmp2_round2,26017,26048
tmp2a_round2,26049,26080
tmp2b_round2,26081,26112
a35round1,26113,26144
e35round1,26145,26176
tmp1_round1,26177,26208
tmp1a_round1,26209,26240
tmp1b_round1,26241,26272
tmp2_round1,26273,26304
tmp2a_round1,26305,26336
tmp2b_round1,26337,26368
a35round2,26369,26400
e35round2,26401,26432
tmp1_round2,26433,26464
tmp1a_round2,26465,26496
tmp1b_round2,26497,26528
tmp2_round2,26529,26560
tmp2a_round2,26561,26592
tmp2b_round2,26593,26624
a36round1,26625,26656
e36round1,26657,26688
tmp1_round1,26689,26720
tmp1a_round1,26721,26752
tmp1b_round1,26753,26784
tmp2_round1,26785,26816
tmp2a_round1,26817,26848
tmp2b_round1,26849,26880
a36round2,26881,26912
e36round2,26913,26944
tmp1_round2,26945,26976
tmp1a_round2,26977,27008
tmp1b_round2,27009,27040
tmp2_round2,27041,27072
tmp2a_round2,27073,27104
tmp2b_round2,27105,27136
a37round1,27137,27168
e37round1,27169,27200
tmp1_round1,27201,27232
tmp1a_round1,27233,27264
tmp1b_round1,27265,27296
tmp2_round1,27297,27328
tmp2a_round1,27329,27360
tmp2b_round1,27361,27392
a37round2,27393,27424
e37round2,27425,27456
tmp1_round2,27457,27488
tmp1a_round2,27489,27520
tmp1b_round2,27521,27552
tmp2_round2,27553,27584
tmp2a_round2,27585,27616
tmp2b_round2,27617,27648
a38round1,27649,27680
e38round1,27681,27712
tmp1_round1,27713,27744
tmp1a_round1,27745,27776
tmp1b_round1,27777,27808
tmp2_round1,27809,27840
tmp2a_round1,27841,27872
tmp2b_round1,27873,27904
a38round2,27905,27936
e38round2,27937,27968
tmp1_round2,27969,28000
tmp1a_round2,28001,28032
tmp1b_round2,28033,28064
tmp2_round2,28065,28096
tmp2a_round2,28097,28128
tmp2b_round2,28129,28160
a39round1,28161,28192
e39round1,28193,28224
tmp1_round1,28225,28256
tmp1a_round1,28257,28288
tmp1b_round1,28289,28320
tmp2_round1,28321,28352
tmp2a_round1,28353,28384
tmp2b_round1,28385,28416
a39round2,28417,28448
e39round2,28449,28480
tmp1_round2,28481,28512
tmp1a_round2,28513,28544
tmp1b_round2,28545,28576
tmp2_round2,28577,28608
tmp2a_round2,28609,28640
tmp2b_round2,28641,28672
a40round1,28673,28704
e40round1,28705,28736
tmp1_round1,28737,28768
tmp1a_round1,28769,28800
tmp1b_round1,28801,28832
tmp2_round1,28833,28864
tmp2a_round1,28865,28896
tmp2b_round1,28897,28928
a40round2,28929,28960
e40round2,28961,28992
tmp1_round2,28993,29024
tmp1a_round2,29025,29056
tmp1b_round2,29057,29088
tmp2_round2,29089,29120
tmp2a_round2,29121,29152
tmp2b_round2,29153,29184
a41round1,29185,29216
e41round1,29217,29248
tmp1_round1,29249,29280
tmp1a_round1,29281,29312
tmp1b_round1,29313,29344
tmp2_round1,29345,29376
tmp2a_round1,29377,29408
tmp2b_round1,29409,29440
a41round2,29441,29472
e41round2,29473,29504
tmp1_round2,29505,29536
tmp1a_round2,29537,29568
tmp1b_round2,29569,29600
tmp2_round2,29601,29632
tmp2a_round2,29633,29664
tmp2b_round2,29665,29696
a42round1,29697,29728
e42round1,29729,29760
tmp1_round1,29761,29792
tmp1a_round1,29793,29824
tmp1b_round1,29825,29856
tmp2_round1,29857,29888
tmp2a_round1,29889,29920
tmp2b_round1,29921,29952
a42round2,29953,29984
e42round2,29985,30016
tmp1_round2,30017,30048
tmp1a_round2,30049,30080
tmp1b_round2,30081,30112
tmp2_round2,30113,30144
tmp2a_round2,30145,30176
tmp2b_round2,30177,30208
a43round1,30209,30240
e43round1,30241,30272
tmp1_round1,30273,30304
tmp1a_round1,30305,30336
tmp1b_round1,30337,30368
tmp2_round1,30369,30400
tmp2a_round1,30401,30432
tmp2b_round1,30433,30464
a43round2,30465,30496
e43round2,30497,30528
tmp1_round2,30529,30560
tmp1a_round2,30561,30592
tmp1b_round2,30593,30624
tmp2_round2,30625,30656
tmp2a_round2,30657,30688
tmp2b_round2,30689,30720
a44round1,30721,30752
e44round1,30753,30784
tmp1_round1,30785,30816
tmp1a_round1,30817,30848
tmp1b_round1,30849,30880
tmp2_round1,30881,30912
tmp2a_round1,30913,30944
tmp2b_round1,30945,30976
a44round2,30977,31008
e44round2,31009,31040
tmp1_round2,31041,31072
tmp1a_round2,31073,31104
tmp1b_round2,31105,31136
tmp2_round2,31137,31168
tmp2a_round2,31169,31200
tmp2b_round2,31201,31232
a45round1,31233,31264
e45round1,31265,31296
tmp1_round1,31297,31328
tmp1a_round1,31329,31360
tmp1b_round1,31361,31392
tmp2_round1,31393,31424
tmp2a_round1,31425,31456
tmp2b_round1,31457,31488
a45round2,31489,31520
e45round2,31521,31552
tmp1_round2,31553,31584
tmp1a_round2,31585,31616
tmp1b_round2,31617,31648
tmp2_round2,31649,31680
tmp2a_round2,31681,31712
tmp2b_round2,31713,31744
a46round1,31745,31776
e46round1,31777,31808
tmp1_round1,31809,31840
tmp1a_round1,31841,31872
tmp1b_round1,31873,31904
tmp2_round1,31905,31936
tmp2a_round1,31937,31968
tmp2b_round1,31969,32000
a46round2,32001,32032
e46round2,32033,32064
tmp1_round2,32065,32096
tmp1a_round2,32097,32128
tmp1b_round2,32129,32160
tmp2_round2,32161,32192
tmp2a_round2,32193,32224
tmp2b_round2,32225,32256
a47round1,32257,32288
e47round1,32289,32320
tmp1_round1,32321,32352
tmp1a_round1,32353,32384
tmp1b_round1,32385,32416
tmp2_round1,32417,32448
tmp2a_round1,32449,32480
tmp2b_round1,32481,32512
a47round2,32513,32544
e47round2,32545,32576
tmp1_round2,32577,32608
tmp1a_round2,32609,32640
tmp1b_round2,32641,32672
tmp2_round2,32673,32704
tmp2a_round2,32705,32736
tmp2b_round2,32737,32768
a48round1,32769,32800
e48round1,32801,32832
tmp1_round1,32833,32864
tmp1a_round1,32865,32896
tmp1b_round1,32897,32928
tmp2_round1,32929,32960
tmp2a_round1,32961,32992
tmp2b_round1,32993,33024
a48round2,33025,33056
e48round2,33057,33088
tmp1_round2,33089,33120
tmp1a_round2,33121,33152
tmp1b_round2,33153,33184
tmp2_round2,33185,33216
tmp2a_round2,33217,33248
tmp2b_round2,33249,33280
a49round1,33281,33312
e49round1,33313,33344
tmp1_round1,33345,33376
tmp1a_round1,33377,33408
tmp1b_round1,33409,33440
tmp2_round1,33441,33472
tmp2a_round1,33473,33504
tmp2b_round1,33505,33536
a49round2,33537,33568
e49round2,33569,33600
tmp1_round2,33601,33632
tmp1a_round2,33633,33664
tmp1b_round2,33665,33696
tmp2_round2,33697,33728
tmp2a_round2,33729,33760
tmp2b_round2,33761,33792
a50round1,33793,33824
e50round1,33825,33856
tmp1_round1,33857,33888
tmp1a_round1,33889,33920
tmp1b_round1,33921,33952
tmp2_round1,33953,33984
tmp2a_round1,33985,34016
tmp2b_round1,34017,34048
a50round2,34049,34080
e50round2,34081,34112
tmp1_round2,34113,34144
tmp1a_round2,34145,34176
tmp1b_round2,34177,34208
tmp2_round2,34209,34240
tmp2a_round2,34241,34272
tmp2b_round2,34273,34304
a51round1,34305,34336
e51round1,34337,34368
tmp1_round1,34369,34400
tmp1a_round1,34401,34432
tmp1b_round1,34433,34464
tmp2_round1,34465,34496
tmp2a_round1,34497,34528
tmp2b_round1,34529,34560
a51round2,34561,34592
e51round2,34593,34624
tmp1_round2,34625,34656
tmp1a_round2,34657,34688
tmp1b_round2,34689,34720
tmp2_round2,34721,34752
tmp2a_round2,34753,34784
tmp2b_round2,34785,34816
a52round1,34817,34848
e52round1,34849,34880
tmp1_round1,34881,34912
tmp1a_round1,34913,34944
tmp1b_round1,34945,34976
tmp2_round1,34977,35008
tmp2a_round1,35009,35040
tmp2b_round1,35041,35072
a52round2,35073,35104
e52round2,35105,35136
tmp1_round2,35137,35168
tmp1a_round2,35169,35200
tmp1b_round2,35201,35232
tmp2_round2,35233,35264
tmp2a_round2,35265,35296
tmp2b_round2,35297,35328
a53round1,35329,35360
e53round1,35361,35392
tmp1_round1,35393,35424
tmp1a_round1,35425,35456
tmp1b_round1,35457,35488
tmp2_round1,35489,35520
tmp2a_round1,35521,35552
tmp2b_round1,35553,35584
a53round2,35585,35616
e53round2,35617,35648
tmp1_round2,35649,35680
tmp1a_round2,35681,35712
tmp1b_round2,35713,35744
tmp2_round2,35745,35776
tmp2a_round2,35777,35808
tmp2b_round2,35809,35840
a54round1,35841,35872
e54round1,35873,35904
tmp1_round1,35905,35936
tmp1a_round1,35937,35968
tmp1b_round1,35969,36000
tmp2_round1,36001,36032
tmp2a_round1,36033,36064
tmp2b_round1,36065,36096
a54round2,36097,36128
e54round2,36129,36160
tmp1_round2,36161,36192
tmp1a_round2,36193,36224
tmp1b_round2,36225,36256
tmp2_round2,36257,36288
tmp2a_round2,36289,36320
tmp2b_round2,36321,36352
a55round1,36353,36384
e55round1,36385,36416
tmp1_round1,36417,36448
tmp1a_round1,36449,36480
tmp1b_round1,36481,36512
tmp2_round1,36513,36544
tmp2a_round1,36545,36576
tmp2b_round1,36577,36608
a55round2,36609,36640
e55round2,36641,36672
tmp1_round2,36673,36704
tmp1a_round2,36705,36736
tmp1b_round2,36737,36768
tmp2_round2,36769,36800
tmp2a_round2,36801,36832
tmp2b_round2,36833,36864
a56round1,36865,36896
e56round1,36897,36928
tmp1_round1,36929,36960
tmp1a_round1,36961,36992
tmp1b_round1,36993,37024
tmp2_round1,37025,37056
tmp2a_round1,37057,37088
tmp2b_round1,37089,37120
a56round2,37121,37152
e56round2,37153,37184
tmp1_round2,37185,37216
tmp1a_round2,37217,37248
tmp1b_round2,37249,37280
tmp2_round2,37281,37312
tmp2a_round2,37313,37344
tmp2b_round2,37345,37376
a57round1,37377,37408
e57round1,37409,37440
tmp1_round1,37441,37472
tmp1a_round1,37473,37504
tmp1b_round1,37505,37536
tmp2_round1,37537,37568
tmp2a_round1,37569,37600
tmp2b_round1,37601,37632
a57round2,37633,37664
e57round2,37665,37696
tmp1_round2,37697,37728
tmp1a_round2,37729,37760
tmp1b_round2,37761,37792
tmp2_round2,37793,37824
tmp2a_round2,37825,37856
tmp2b_round2,37857,37888
a58round1,37889,37920
e58round1,37921,37952
tmp1_round1,37953,37984
tmp1a_round1,37985,38016
tmp1b_round1,38017,38048
tmp2_round1,38049,38080
tmp2a_round1,38081,38112
tmp2b_round1,38113,38144
a58round2,38145,38176
e58round2,38177,38208
tmp1_round2,38209,38240
tmp1a_round2,38241,38272
tmp1b_round2,38273,38304
tmp2_round2,38305,38336
tmp2a_round2,38337,38368
tmp2b_round2,38369,38400
a59round1,38401,38432
e59round1,38433,38464
tmp1_round1,38465,38496
tmp1a_round1,38497,38528
tmp1b_round1,38529,38560
tmp2_round1,38561,38592
tmp2a_round1,38593,38624
tmp2b_round1,38625,38656
a59round2,38657,38688
e59round2,38689,38720
tmp1_round2,38721,38752
tmp1a_round2,38753,38784
tmp1b_round2,38785,38816
tmp2_round2,38817,38848
tmp2a_round2,38849,38880
tmp2b_round2,38881,38912
a60round1,38913,38944
e60round1,38945,38976
tmp1_round1,38977,39008
tmp1a_round1,39009,39040
tmp1b_round1,39041,39072
tmp2_round1,39073,39104
tmp2a_round1,39105,39136
tmp2b_round1,39137,39168
a60round2,39169,39200
e60round2,39201,39232
tmp1_round2,39233,39264
tmp1a_round2,39265,39296
tmp1b_round2,39297,39328
tmp2_round2,39329,39360
tmp2a_round2,39361,39392
tmp2b_round2,39393,39424
a61round1,39425,39456
e61round1,39457,39488
tmp1_round1,39489,39520
tmp1a_round1,39521,39552
tmp1b_round1,39553,39584
tmp2_round1,39585,39616
tmp2a_round1,39617,39648
tmp2b_round1,39649,39680
a61round2,39681,39712
e61round2,39713,39744
tmp1_round2,39745,39776
tmp1a_round2,39777,39808
tmp1b_round2,39809,39840
tmp2_round2,39841,39872
tmp2a_round2,39873,39904
tmp2b_round2,39905,39936
a62round1,39937,39968
e62round1,39969,40000
tmp1_round1,40001,40032
tmp1a_round1,40033,40064
tmp1b_round1,40065,40096
tmp2_round1,40097,40128
tmp2a_round1,40129,40160
tmp2b_round1,40161,40192
a62round2,40193,40224
e62round2,40225,40256
tmp1_round2,40257,40288
tmp1a_round2,40289,40320
tmp1b_round2,40321,40352
tmp2_round2,40353,40384
tmp2a_round2,40385,40416
tmp2b_round2,40417,40448
a63round1,40449,40480
e63round1,40481,40512
tmp1_round1,40513,40544
tmp1a_round1,40545,40576
tmp1b_round1,40577,40608
tmp2_round1,40609,40640
tmp2a_round1,40641,40672
tmp2b_round1,40673,40704
a63round2,40705,40736
e63round2,40737,40768
tmp1_round2,40769,40800
tmp1a_round2,40801,40832
tmp1b_round2,40833,40864
tmp2_round2,40865,40896
tmp2a_round2,40897,40928
tmp2b_round2,40929,40960
a64round1,40961,40992
e64round1,40993,41024
tmp1_round1,41025,41056
tmp1a_round1,41057,41088
tmp1b_round1,41089,41120
tmp2_round1,41121,41152
tmp2a_round1,41153,41184
tmp2b_round1,41185,41216
a64round2,41217,41248
e64round2,41249,41280
tmp1_round2,41281,41312
tmp1a_round2,41313,41344
tmp1b_round2,41345,41376
tmp2_round2,41377,41408
tmp2a_round2,41409,41440
tmp2b_round2,41441,41472
h_out[0],41473,41504
h_out[1],41505,41536
h_out[2],41537,41568
h_out[3],41569,41600
h_out[4],41601,41632
h_out[5],41633,41664
h_out[6],41665,41696
h_out[7],41697,41728
